ID_Alumno,Fecha,Curso,Años_Inscrito,Banda,Asignatura,Instrumento,Profesor,Aprobado,Horas_Practica,Satisfaccion,Abandono_Educacion,Pruebas_Grado_Profesional,Avance_Grado_Profesional,Promedio_Asistencia
1,2022-01-01,Primero,1,False,Instrumento,Oboe,Gabrielle Davis,True,3,4,False,False,False,0.68
1,2022-06-01,Primero,1,False,Coro,Oboe,Cristian Santos,True,3,4,False,False,False,0.91
1,2022-09-01,Primero,1,False,Coro,Oboe,Connie Lawrence,True,2,3,False,False,False,0.66
1,2023-01-01,Segundo,2,False,Solfeo,Oboe,Connie Lawrence,False,7,5,False,False,False,0.9
1,2023-06-01,Segundo,2,False,Cámara,Oboe,Angie Henderson,True,2,3,True,False,False,0.99
2,2021-01-01,Segundo,1,False,Coro,Clarinete,Daniel Wagner,True,6,2,False,False,False,0.65
2,2021-06-01,Segundo,1,False,Instrumento,Clarinete,Connie Lawrence,True,7,4,False,False,False,0.68
2,2021-09-01,Segundo,1,False,Solfeo,Clarinete,Abigail Shaffer,True,1,5,False,False,False,0.69
2,2022-01-01,Tercero,2,False,Coro,Clarinete,Daniel Wagner,True,8,5,False,False,False,0.73
2,2022-06-01,Tercero,2,False,Instrumento,Clarinete,Daniel Wagner,True,1,5,False,False,False,0.89
2,2022-09-01,Tercero,2,False,Instrumento,Clarinete,Ryan Munoz,False,1,4,False,False,False,0.93
2,2023-01-01,Cuarto,3,False,Solfeo,Clarinete,Daniel Wagner,True,7,5,True,False,False,0.75
3,2019-01-01,Segundo,1,False,Cámara,Clarinete,Gina Moore,True,5,5,False,False,False,0.67
3,2019-06-01,Segundo,1,False,Cámara,Clarinete,Ryan Munoz,False,3,4,False,False,False,0.64
3,2019-09-01,Segundo,1,False,Solfeo,Clarinete,Angie Henderson,True,3,4,False,False,False,0.61
3,2020-01-01,Tercero,2,False,Instrumento,Clarinete,Ryan Munoz,False,4,5,True,False,False,0.73
4,2021-01-01,Segundo,1,False,Solfeo,Tuba,Noah Rhodes,True,8,5,True,False,False,0.88
5,2021-01-01,Segundo,1,False,Instrumento,Tuba,Gabrielle Davis,True,3,5,False,False,False,0.86
5,2021-06-01,Segundo,1,False,Coro,Tuba,Angie Henderson,False,3,5,True,False,False,0.72
6,2020-01-01,Segundo,1,False,Coro,Flauta,Noah Rhodes,False,4,1,False,False,False,0.6
6,2020-06-01,Segundo,1,False,Instrumento,Flauta,Gina Moore,True,1,5,False,False,False,0.69
6,2020-09-01,Segundo,1,False,Instrumento,Flauta,Gina Moore,True,2,5,True,False,False,0.95
7,2022-01-01,Primero,1,False,Solfeo,Clarinete,Angie Henderson,True,6,1,False,False,False,0.87
7,2022-06-01,Primero,1,False,Cámara,Clarinete,Connie Lawrence,False,1,3,False,False,False,0.66
7,2022-09-01,Primero,1,False,Cámara,Clarinete,Ryan Munoz,True,3,5,False,False,False,0.74
7,2023-01-01,Segundo,2,False,Solfeo,Clarinete,Noah Rhodes,True,6,4,False,False,False,0.63
7,2023-06-01,Segundo,2,False,Instrumento,Clarinete,Gabrielle Davis,True,8,3,False,False,False,0.71
7,2023-09-01,Segundo,2,False,Instrumento,Clarinete,Gabrielle Davis,True,4,5,False,False,False,0.89
7,2024-01-01,Tercero,3,False,Solfeo,Clarinete,Gina Moore,True,5,4,False,False,False,0.7
7,2024-06-01,Tercero,3,False,Cámara,Clarinete,Angie Henderson,True,8,4,False,False,False,0.8
7,2024-09-01,Tercero,3,False,Coro,Clarinete,Ryan Munoz,True,5,5,True,False,False,0.61
8,2019-01-01,Segundo,1,False,Instrumento,Clarinete,Abigail Shaffer,True,6,4,False,False,False,0.6
8,2019-06-01,Segundo,1,False,Coro,Clarinete,Cristian Santos,True,2,4,False,False,False,0.73
8,2019-09-01,Segundo,1,False,Solfeo,Clarinete,Noah Rhodes,True,6,4,False,False,False,0.98
8,2020-01-01,Tercero,2,False,Coro,Clarinete,Daniel Wagner,True,6,5,False,False,False,0.79
8,2020-06-01,Tercero,2,False,Solfeo,Clarinete,Angie Henderson,True,8,5,False,False,False,0.73
8,2020-09-01,Tercero,2,False,Instrumento,Clarinete,Allison Hill,True,5,4,False,False,False,0.82
8,2021-01-01,Cuarto,3,False,Solfeo,Clarinete,Daniel Wagner,True,6,5,False,False,False,0.74
8,2021-06-01,Cuarto,3,False,Coro,Clarinete,Cristian Santos,True,6,5,False,False,False,0.83
8,2021-09-01,Cuarto,3,False,Instrumento,Clarinete,Angie Henderson,True,5,5,False,False,False,0.61
8,2022-01-01,Cuarto,4,True,Instrumento,Clarinete,Daniel Wagner,True,5,4,False,False,False,0.64
8,2022-06-01,Cuarto,4,True,Coro,Clarinete,Noah Rhodes,True,1,5,False,True,True,0.79
8,2022-09-01,Cuarto,4,False,Cámara,Clarinete,Connie Lawrence,True,2,5,False,False,False,0.87
8,2023-01-01,Cuarto,5,True,Solfeo,Clarinete,Gina Moore,True,2,1,False,False,False,0.87
8,2023-06-01,Cuarto,5,True,Solfeo,Clarinete,Connie Lawrence,True,1,3,False,False,False,0.61
8,2023-09-01,Cuarto,5,True,Coro,Clarinete,Connie Lawrence,True,5,4,False,False,False,0.78
8,2024-01-01,Cuarto,6,True,Coro,Clarinete,Angie Henderson,True,1,5,False,False,False,0.64
8,2024-06-01,Cuarto,6,True,Cámara,Clarinete,Cristian Santos,True,5,4,False,True,False,0.82
8,2024-09-01,Cuarto,6,True,Solfeo,Clarinete,Gina Moore,False,1,3,True,False,False,0.77
9,2023-01-01,Iniciación,1,False,Cámara,Percusión,Cristian Santos,True,4,5,False,False,False,0.81
9,2023-06-01,Iniciación,1,False,Instrumento,Percusión,Ryan Munoz,True,8,2,False,False,False,0.86
9,2023-09-01,Iniciación,1,False,Instrumento,Percusión,Gina Moore,True,4,3,False,False,False,0.7
9,2024-01-01,Primero,2,False,Cámara,Percusión,Abigail Shaffer,True,6,5,False,False,False,0.78
9,2024-06-01,Primero,2,False,Solfeo,Percusión,Noah Rhodes,True,6,4,False,False,False,0.71
9,2024-09-01,Primero,2,False,Cámara,Percusión,Ryan Munoz,True,2,4,False,False,False,0.64
10,2019-01-01,Segundo,1,False,Instrumento,Flauta,Abigail Shaffer,True,4,5,False,False,False,0.99
10,2019-06-01,Segundo,1,False,Instrumento,Flauta,Noah Rhodes,True,7,5,False,False,False,0.91
10,2019-09-01,Segundo,1,False,Coro,Flauta,Angie Henderson,True,2,5,False,False,False,0.93
10,2020-01-01,Tercero,2,False,Solfeo,Flauta,Ryan Munoz,True,6,4,False,False,False,0.67
10,2020-06-01,Tercero,2,False,Instrumento,Flauta,Noah Rhodes,True,7,4,False,False,False,0.62
10,2020-09-01,Tercero,2,False,Coro,Flauta,Angie Henderson,False,1,5,False,False,False,0.78
10,2021-01-01,Cuarto,3,False,Cámara,Flauta,Abigail Shaffer,True,8,3,False,False,False,0.73
10,2021-06-01,Cuarto,3,False,Cámara,Flauta,Abigail Shaffer,True,6,5,False,False,False,0.8
10,2021-09-01,Cuarto,3,False,Coro,Flauta,Cristian Santos,True,1,1,False,False,False,0.99
10,2022-01-01,Cuarto,4,True,Cámara,Flauta,Allison Hill,True,7,5,False,False,False,0.76
10,2022-06-01,Cuarto,4,True,Coro,Flauta,Angie Henderson,True,4,4,False,True,True,0.72
10,2022-09-01,Cuarto,4,False,Coro,Flauta,Angie Henderson,True,1,3,False,False,False,0.86
10,2023-01-01,Cuarto,5,False,Coro,Flauta,Noah Rhodes,True,7,5,False,False,False,0.88
10,2023-06-01,Cuarto,5,False,Coro,Flauta,Gina Moore,True,8,4,False,True,True,0.8
10,2023-09-01,Cuarto,5,True,Cámara,Flauta,Abigail Shaffer,False,6,1,True,False,False,0.79
11,2022-01-01,Primero,1,False,Solfeo,Percusión,Angie Henderson,True,5,4,True,False,False,0.96
12,2022-01-01,Iniciación,1,False,Cámara,Trombón,Ryan Munoz,True,6,4,True,False,False,0.78
13,2020-01-01,Tercero,1,False,Instrumento,Oboe,Connie Lawrence,False,5,4,True,False,False,0.97
14,2021-01-01,Segundo,1,False,Solfeo,Flauta,Gina Moore,True,1,5,False,False,False,0.89
14,2021-06-01,Segundo,1,False,Solfeo,Flauta,Cristian Santos,True,3,4,False,False,False,0.71
14,2021-09-01,Segundo,1,False,Coro,Flauta,Ryan Munoz,True,5,1,False,False,False,0.67
14,2022-01-01,Tercero,2,False,Coro,Flauta,Gina Moore,True,3,4,False,False,False,0.79
14,2022-06-01,Tercero,2,False,Solfeo,Flauta,Connie Lawrence,False,3,4,False,False,False,0.94
14,2022-09-01,Tercero,2,False,Instrumento,Flauta,Abigail Shaffer,True,8,5,False,False,False,0.83
14,2023-01-01,Cuarto,3,False,Cámara,Flauta,Allison Hill,True,2,2,False,False,False,0.79
14,2023-06-01,Cuarto,3,False,Instrumento,Flauta,Gabrielle Davis,True,7,4,False,False,False,0.6
14,2023-09-01,Cuarto,3,False,Instrumento,Flauta,Abigail Shaffer,True,1,2,False,False,False,0.74
14,2024-01-01,Cuarto,4,False,Cámara,Flauta,Connie Lawrence,True,2,4,False,False,False,0.78
14,2024-06-01,Cuarto,4,True,Coro,Flauta,Ryan Munoz,True,6,5,False,True,True,0.6
14,2024-09-01,Cuarto,4,True,Instrumento,Flauta,Noah Rhodes,True,8,4,False,False,False,0.7
15,2023-01-01,Iniciación,1,False,Solfeo,Trombón,Ryan Munoz,True,4,5,False,False,False,0.88
15,2023-06-01,Iniciación,1,False,Solfeo,Trombón,Noah Rhodes,False,3,4,False,False,False,0.86
15,2023-09-01,Iniciación,1,False,Coro,Trombón,Noah Rhodes,True,5,4,False,False,False,0.63
15,2024-01-01,Primero,2,False,Instrumento,Trombón,Cristian Santos,True,6,4,False,False,False,0.71
15,2024-06-01,Primero,2,False,Solfeo,Trombón,Abigail Shaffer,True,1,4,False,False,False,0.67
15,2024-09-01,Primero,2,False,Solfeo,Trombón,Gina Moore,False,4,5,False,False,False,0.8
16,2022-01-01,Iniciación,1,False,Solfeo,Clarinete,Gina Moore,True,2,1,True,False,False,0.89
17,2019-01-01,Segundo,1,False,Coro,Percusión,Allison Hill,False,7,4,False,False,False,0.96
17,2019-06-01,Segundo,1,False,Solfeo,Percusión,Gabrielle Davis,True,8,4,False,False,False,0.89
17,2019-09-01,Segundo,1,False,Solfeo,Percusión,Gabrielle Davis,True,7,5,False,False,False,0.79
17,2020-01-01,Tercero,2,False,Cámara,Percusión,Connie Lawrence,True,7,2,False,False,False,0.86
17,2020-06-01,Tercero,2,False,Cámara,Percusión,Gabrielle Davis,False,6,2,False,False,False,0.91
17,2020-09-01,Tercero,2,False,Coro,Percusión,Angie Henderson,True,7,5,False,False,False,0.76
17,2021-01-01,Cuarto,3,False,Solfeo,Percusión,Connie Lawrence,True,8,5,False,False,False,0.68
17,2021-06-01,Cuarto,3,False,Coro,Percusión,Gina Moore,True,5,4,False,False,False,0.99
17,2021-09-01,Cuarto,3,False,Solfeo,Percusión,Allison Hill,True,6,5,True,False,False,0.65
18,2020-01-01,Tercero,1,False,Coro,Percusión,Ryan Munoz,True,2,1,False,False,False,0.86
18,2020-06-01,Tercero,1,False,Instrumento,Percusión,Ryan Munoz,True,3,1,False,False,False,0.96
18,2020-09-01,Tercero,1,False,Solfeo,Percusión,Gina Moore,True,2,5,False,False,False,0.8
18,2021-01-01,Cuarto,2,False,Coro,Percusión,Noah Rhodes,True,7,4,False,False,False,0.9
18,2021-06-01,Cuarto,2,False,Instrumento,Percusión,Connie Lawrence,True,3,4,False,True,True,0.67
18,2021-09-01,Cuarto,2,False,Solfeo,Percusión,Noah Rhodes,True,7,3,False,False,False,0.67
18,2022-01-01,Cuarto,3,False,Coro,Percusión,Ryan Munoz,True,2,5,False,False,False,0.75
18,2022-06-01,Cuarto,3,False,Coro,Percusión,Allison Hill,False,2,1,False,True,True,0.95
18,2022-09-01,Cuarto,3,False,Instrumento,Percusión,Gina Moore,True,4,3,False,False,False,0.78
18,2023-01-01,Cuarto,4,True,Coro,Percusión,Ryan Munoz,True,3,5,False,False,False,0.64
18,2023-06-01,Cuarto,4,False,Cámara,Percusión,Connie Lawrence,True,4,3,False,False,False,0.85
18,2023-09-01,Cuarto,4,False,Coro,Percusión,Gina Moore,True,4,4,False,False,False,0.92
18,2024-01-01,Cuarto,5,True,Instrumento,Percusión,Gina Moore,True,1,2,False,False,False,0.68
18,2024-06-01,Cuarto,5,True,Instrumento,Percusión,Allison Hill,True,1,5,False,False,False,0.79
18,2024-09-01,Cuarto,5,True,Coro,Percusión,Gina Moore,True,6,4,False,False,False,0.96
19,2020-01-01,Primero,1,False,Coro,Oboe,Noah Rhodes,True,7,5,False,False,False,0.69
19,2020-06-01,Primero,1,False,Instrumento,Oboe,Ryan Munoz,True,7,3,False,False,False,0.78
19,2020-09-01,Primero,1,False,Instrumento,Oboe,Connie Lawrence,True,4,5,False,False,False,0.68
19,2021-01-01,Segundo,2,False,Coro,Oboe,Allison Hill,True,1,4,False,False,False,0.79
19,2021-06-01,Segundo,2,False,Instrumento,Oboe,Angie Henderson,True,4,5,False,False,False,0.92
19,2021-09-01,Segundo,2,False,Coro,Oboe,Ryan Munoz,False,4,2,False,False,False,0.8
19,2022-01-01,Tercero,3,False,Coro,Oboe,Ryan Munoz,True,8,4,False,False,False,0.89
19,2022-06-01,Tercero,3,False,Coro,Oboe,Daniel Wagner,True,4,5,False,False,False,0.66
19,2022-09-01,Tercero,3,False,Solfeo,Oboe,Abigail Shaffer,False,1,5,False,False,False,0.8
19,2023-01-01,Cuarto,4,True,Instrumento,Oboe,Gina Moore,True,2,4,False,False,False,0.82
19,2023-06-01,Cuarto,4,True,Instrumento,Oboe,Daniel Wagner,True,5,4,False,True,True,0.66
19,2023-09-01,Cuarto,4,True,Solfeo,Oboe,Gina Moore,True,3,5,False,False,False,0.92
19,2024-01-01,Cuarto,5,True,Instrumento,Oboe,Allison Hill,False,2,4,False,False,False,0.81
19,2024-06-01,Cuarto,5,True,Cámara,Oboe,Ryan Munoz,True,4,5,True,False,False,0.89
20,2023-01-01,Iniciación,1,False,Solfeo,Oboe,Noah Rhodes,True,8,5,False,False,False,0.67
20,2023-06-01,Iniciación,1,False,Solfeo,Oboe,Gabrielle Davis,True,4,3,False,False,False,0.82
20,2023-09-01,Iniciación,1,False,Instrumento,Oboe,Ryan Munoz,False,4,5,False,False,False,0.73
20,2024-01-01,Primero,2,False,Cámara,Oboe,Gabrielle Davis,True,5,2,False,False,False,0.78
20,2024-06-01,Primero,2,False,Solfeo,Oboe,Gina Moore,True,5,4,False,False,False,0.87
20,2024-09-01,Primero,2,False,Solfeo,Oboe,Daniel Wagner,False,8,2,False,False,False,0.67
21,2017-01-01,Cuarto,1,False,Coro,Trombón,Cristian Santos,True,3,4,False,False,False,0.81
21,2017-06-01,Cuarto,1,False,Solfeo,Trombón,Cristian Santos,True,3,4,False,False,False,0.61
21,2017-09-01,Cuarto,1,False,Coro,Trombón,Noah Rhodes,True,4,5,False,False,False,0.73
21,2018-01-01,Cuarto,2,False,Cámara,Trombón,Connie Lawrence,True,8,4,False,False,False,0.96
21,2018-06-01,Cuarto,2,False,Cámara,Trombón,Angie Henderson,True,4,4,False,False,False,0.62
21,2018-09-01,Cuarto,2,False,Cámara,Trombón,Cristian Santos,True,3,5,False,False,False,0.81
21,2019-01-01,Cuarto,3,False,Coro,Trombón,Angie Henderson,True,3,3,False,False,False,1.0
21,2019-06-01,Cuarto,3,False,Coro,Trombón,Gina Moore,True,3,4,False,False,False,0.99
21,2019-09-01,Cuarto,3,False,Coro,Trombón,Connie Lawrence,True,3,4,False,False,False,0.61
21,2020-01-01,Cuarto,4,False,Coro,Trombón,Gina Moore,False,3,1,False,False,False,0.99
21,2020-06-01,Cuarto,4,True,Cámara,Trombón,Gina Moore,False,3,5,False,False,False,0.74
21,2020-09-01,Cuarto,4,True,Instrumento,Trombón,Allison Hill,True,2,4,False,False,False,0.94
21,2021-01-01,Cuarto,5,True,Solfeo,Trombón,Connie Lawrence,True,4,4,False,False,False,0.97
21,2021-06-01,Cuarto,5,True,Solfeo,Trombón,Noah Rhodes,True,8,5,False,False,False,0.76
21,2021-09-01,Cuarto,5,True,Solfeo,Trombón,Connie Lawrence,True,7,4,False,False,False,0.71
21,2022-01-01,Cuarto,6,True,Instrumento,Trombón,Gabrielle Davis,True,8,5,False,False,False,0.78
21,2022-06-01,Cuarto,6,True,Instrumento,Trombón,Abigail Shaffer,True,2,3,False,False,False,0.81
21,2022-09-01,Cuarto,6,True,Instrumento,Trombón,Noah Rhodes,True,5,4,False,False,False,0.88
21,2023-01-01,Cuarto,7,True,Coro,Trombón,Daniel Wagner,True,7,4,False,False,False,0.93
21,2023-06-01,Cuarto,7,True,Cámara,Trombón,Gina Moore,True,8,4,False,True,True,0.86
21,2023-09-01,Cuarto,7,True,Solfeo,Trombón,Cristian Santos,True,8,5,False,False,False,0.61
21,2024-01-01,Cuarto,8,True,Instrumento,Trombón,Noah Rhodes,True,6,4,False,False,False,0.95
21,2024-06-01,Cuarto,8,True,Instrumento,Trombón,Noah Rhodes,True,1,5,False,True,True,0.95
21,2024-09-01,Cuarto,8,True,Coro,Trombón,Allison Hill,True,7,5,False,False,False,0.62
22,2022-01-01,Primero,1,False,Coro,Trombón,Angie Henderson,True,3,4,False,False,False,0.93
22,2022-06-01,Primero,1,False,Cámara,Trombón,Cristian Santos,True,6,2,False,False,False,0.93
22,2022-09-01,Primero,1,False,Solfeo,Trombón,Angie Henderson,True,6,5,False,False,False,0.97
22,2023-01-01,Segundo,2,False,Coro,Trombón,Noah Rhodes,True,4,5,False,False,False,0.82
22,2023-06-01,Segundo,2,False,Solfeo,Trombón,Abigail Shaffer,True,2,3,False,False,False,0.61
22,2023-09-01,Segundo,2,False,Cámara,Trombón,Cristian Santos,True,3,5,False,False,False,0.84
22,2024-01-01,Tercero,3,False,Cámara,Trombón,Angie Henderson,True,1,5,False,False,False,0.65
22,2024-06-01,Tercero,3,False,Coro,Trombón,Daniel Wagner,True,4,3,True,False,False,0.88
23,2019-01-01,Segundo,1,False,Instrumento,Trompeta,Abigail Shaffer,True,2,1,False,False,False,0.84
23,2019-06-01,Segundo,1,False,Instrumento,Trompeta,Noah Rhodes,False,1,2,False,False,False,0.9
23,2019-09-01,Segundo,1,False,Solfeo,Trompeta,Ryan Munoz,True,4,3,False,False,False,0.64
23,2020-01-01,Tercero,2,False,Cámara,Trompeta,Ryan Munoz,True,3,5,False,False,False,0.85
23,2020-06-01,Tercero,2,False,Solfeo,Trompeta,Noah Rhodes,True,1,4,False,False,False,0.99
23,2020-09-01,Tercero,2,False,Coro,Trompeta,Gabrielle Davis,True,2,5,False,False,False,0.94
23,2021-01-01,Cuarto,3,False,Instrumento,Trompeta,Connie Lawrence,True,3,4,False,False,False,0.67
23,2021-06-01,Cuarto,3,False,Cámara,Trompeta,Abigail Shaffer,True,4,4,False,True,True,0.81
23,2021-09-01,Cuarto,3,False,Instrumento,Trompeta,Connie Lawrence,True,1,2,False,False,False,0.75
23,2022-01-01,Cuarto,4,True,Cámara,Trompeta,Gina Moore,True,7,4,False,False,False,0.68
23,2022-06-01,Cuarto,4,True,Instrumento,Trompeta,Connie Lawrence,True,8,5,False,False,False,0.87
23,2022-09-01,Cuarto,4,True,Instrumento,Trompeta,Abigail Shaffer,True,2,5,False,False,False,0.67
23,2023-01-01,Cuarto,5,True,Coro,Trompeta,Connie Lawrence,True,7,3,False,False,False,0.89
23,2023-06-01,Cuarto,5,True,Cámara,Trompeta,Abigail Shaffer,True,7,5,False,True,True,0.65
23,2023-09-01,Cuarto,5,True,Coro,Trompeta,Angie Henderson,True,1,5,False,False,False,0.61
23,2024-01-01,Cuarto,6,True,Cámara,Trompeta,Angie Henderson,True,2,5,False,False,False,0.81
23,2024-06-01,Cuarto,6,True,Instrumento,Trompeta,Daniel Wagner,True,8,4,False,True,False,0.82
23,2024-09-01,Cuarto,6,False,Solfeo,Trompeta,Abigail Shaffer,False,2,4,False,False,False,0.75
24,2020-01-01,Primero,1,False,Cámara,Tuba,Angie Henderson,True,3,4,False,False,False,0.91
24,2020-06-01,Primero,1,False,Instrumento,Tuba,Gabrielle Davis,True,8,4,False,False,False,0.8
24,2020-09-01,Primero,1,False,Instrumento,Tuba,Cristian Santos,True,7,5,False,False,False,0.99
24,2021-01-01,Segundo,2,False,Cámara,Tuba,Allison Hill,True,1,3,False,False,False,0.92
24,2021-06-01,Segundo,2,False,Solfeo,Tuba,Connie Lawrence,True,7,4,False,False,False,0.74
24,2021-09-01,Segundo,2,False,Coro,Tuba,Daniel Wagner,True,5,4,False,False,False,0.63
24,2022-01-01,Tercero,3,False,Cámara,Tuba,Noah Rhodes,True,1,4,True,False,False,0.86
25,2022-01-01,Primero,1,False,Cámara,Fagot,Allison Hill,True,1,5,False,False,False,0.76
25,2022-06-01,Primero,1,False,Solfeo,Fagot,Gina Moore,True,4,4,False,False,False,0.91
25,2022-09-01,Primero,1,False,Cámara,Fagot,Angie Henderson,True,6,5,False,False,False,0.85
25,2023-01-01,Segundo,2,False,Solfeo,Fagot,Gabrielle Davis,True,5,1,False,False,False,0.76
25,2023-06-01,Segundo,2,False,Coro,Fagot,Ryan Munoz,True,2,5,False,False,False,0.84
25,2023-09-01,Segundo,2,False,Cámara,Fagot,Noah Rhodes,True,8,4,False,False,False,0.63
25,2024-01-01,Tercero,3,False,Cámara,Fagot,Gabrielle Davis,True,7,5,False,False,False,0.77
25,2024-06-01,Tercero,3,False,Cámara,Fagot,Ryan Munoz,True,3,5,False,False,False,0.81
25,2024-09-01,Tercero,3,False,Coro,Fagot,Ryan Munoz,True,8,4,False,False,False,0.92
26,2019-01-01,Tercero,1,False,Coro,Trompeta,Connie Lawrence,True,4,3,False,False,False,0.72
26,2019-06-01,Tercero,1,False,Instrumento,Trompeta,Abigail Shaffer,True,2,5,False,False,False,0.71
26,2019-09-01,Tercero,1,False,Cámara,Trompeta,Angie Henderson,True,4,4,False,False,False,0.68
26,2020-01-01,Cuarto,2,False,Coro,Trompeta,Cristian Santos,True,7,4,False,False,False,0.68
26,2020-06-01,Cuarto,2,False,Cámara,Trompeta,Angie Henderson,True,5,5,False,False,False,0.99
26,2020-09-01,Cuarto,2,False,Instrumento,Trompeta,Allison Hill,True,2,4,False,False,False,0.63
26,2021-01-01,Cuarto,3,False,Instrumento,Trompeta,Connie Lawrence,True,2,4,False,False,False,0.94
26,2021-06-01,Cuarto,3,False,Coro,Trompeta,Noah Rhodes,True,2,4,False,False,False,0.97
26,2021-09-01,Cuarto,3,False,Cámara,Trompeta,Gina Moore,False,4,4,False,False,False,0.73
26,2022-01-01,Cuarto,4,False,Instrumento,Trompeta,Daniel Wagner,False,4,3,False,False,False,0.99
26,2022-06-01,Cuarto,4,True,Cámara,Trompeta,Ryan Munoz,True,6,5,False,False,False,0.79
26,2022-09-01,Cuarto,4,True,Cámara,Trompeta,Angie Henderson,True,6,5,True,False,False,0.99
27,2021-01-01,Segundo,1,False,Coro,Trompeta,Cristian Santos,True,5,5,False,False,False,0.96
27,2021-06-01,Segundo,1,False,Solfeo,Trompeta,Gabrielle Davis,False,8,4,False,False,False,0.76
27,2021-09-01,Segundo,1,False,Cámara,Trompeta,Cristian Santos,True,4,4,False,False,False,0.66
27,2022-01-01,Tercero,2,False,Instrumento,Trompeta,Connie Lawrence,False,7,5,False,False,False,0.63
27,2022-06-01,Tercero,2,False,Instrumento,Trompeta,Gina Moore,True,6,5,False,False,False,0.93
27,2022-09-01,Tercero,2,False,Coro,Trompeta,Cristian Santos,True,6,4,False,False,False,0.82
27,2023-01-01,Cuarto,3,False,Cámara,Trompeta,Gina Moore,True,1,5,False,False,False,0.78
27,2023-06-01,Cuarto,3,False,Coro,Trompeta,Allison Hill,True,5,4,True,True,True,0.99
28,2018-01-01,Tercero,1,False,Cámara,Fagot,Gina Moore,True,3,4,False,False,False,0.93
28,2018-06-01,Tercero,1,False,Cámara,Fagot,Daniel Wagner,True,6,3,False,False,False,0.98
28,2018-09-01,Tercero,1,False,Coro,Fagot,Allison Hill,False,4,5,False,False,False,0.68
28,2019-01-01,Cuarto,2,False,Coro,Fagot,Allison Hill,True,7,5,False,False,False,0.98
28,2019-06-01,Cuarto,2,False,Coro,Fagot,Ryan Munoz,True,7,5,False,False,False,0.8
28,2019-09-01,Cuarto,2,False,Coro,Fagot,Daniel Wagner,True,5,4,False,False,False,0.65
28,2020-01-01,Cuarto,3,False,Coro,Fagot,Ryan Munoz,True,5,5,False,False,False,0.67
28,2020-06-01,Cuarto,3,False,Coro,Fagot,Allison Hill,True,5,4,False,True,True,0.86
28,2020-09-01,Cuarto,3,False,Solfeo,Fagot,Allison Hill,True,6,5,False,False,False,0.68
28,2021-01-01,Cuarto,4,True,Instrumento,Fagot,Ryan Munoz,True,2,4,True,False,False,0.97
29,2021-01-01,Primero,1,False,Solfeo,Trompeta,Cristian Santos,True,7,4,False,False,False,0.75
29,2021-06-01,Primero,1,False,Solfeo,Trompeta,Ryan Munoz,True,3,4,False,False,False,0.95
29,2021-09-01,Primero,1,False,Coro,Trompeta,Noah Rhodes,True,7,3,False,False,False,0.62
29,2022-01-01,Segundo,2,False,Coro,Trompeta,Gina Moore,False,5,5,False,False,False,0.71
29,2022-06-01,Segundo,2,False,Cámara,Trompeta,Ryan Munoz,True,5,4,False,False,False,0.67
29,2022-09-01,Segundo,2,False,Instrumento,Trompeta,Angie Henderson,True,8,2,False,False,False,0.69
29,2023-01-01,Tercero,3,False,Solfeo,Trompeta,Gina Moore,True,8,4,False,False,False,0.97
29,2023-06-01,Tercero,3,False,Solfeo,Trompeta,Gina Moore,True,8,4,False,False,False,0.89
29,2023-09-01,Tercero,3,False,Coro,Trompeta,Noah Rhodes,True,4,5,False,False,False,0.67
29,2024-01-01,Cuarto,4,True,Cámara,Trompeta,Ryan Munoz,False,4,4,False,False,False,0.81
29,2024-06-01,Cuarto,4,True,Instrumento,Trompeta,Noah Rhodes,True,8,5,False,True,True,0.87
29,2024-09-01,Cuarto,4,True,Solfeo,Trompeta,Connie Lawrence,True,2,4,False,False,False,0.79
30,2020-01-01,Segundo,1,False,Cámara,Trompeta,Allison Hill,True,8,4,False,False,False,0.89
30,2020-06-01,Segundo,1,False,Coro,Trompeta,Daniel Wagner,False,5,4,True,False,False,0.63
31,2018-01-01,Cuarto,1,False,Instrumento,Trombón,Cristian Santos,True,7,2,False,False,False,0.67
31,2018-06-01,Cuarto,1,False,Instrumento,Trombón,Cristian Santos,True,3,3,False,True,False,0.72
31,2018-09-01,Cuarto,1,False,Coro,Trombón,Connie Lawrence,True,6,4,False,False,False,0.95
31,2019-01-01,Cuarto,2,False,Instrumento,Trombón,Cristian Santos,True,7,2,False,False,False,0.75
31,2019-06-01,Cuarto,2,False,Coro,Trombón,Abigail Shaffer,True,2,1,False,True,True,0.87
31,2019-09-01,Cuarto,2,False,Coro,Trombón,Gina Moore,True,2,4,False,False,False,0.96
31,2020-01-01,Cuarto,3,False,Instrumento,Trombón,Cristian Santos,True,3,5,False,False,False,0.7
31,2020-06-01,Cuarto,3,False,Instrumento,Trombón,Cristian Santos,True,2,5,False,False,False,0.77
31,2020-09-01,Cuarto,3,False,Instrumento,Trombón,Ryan Munoz,True,6,4,True,False,False,0.8
32,2023-01-01,Iniciación,1,False,Coro,Percusión,Angie Henderson,True,1,2,False,False,False,0.72
32,2023-06-01,Iniciación,1,False,Instrumento,Percusión,Gina Moore,True,5,4,False,False,False,0.92
32,2023-09-01,Iniciación,1,False,Coro,Percusión,Angie Henderson,True,5,5,False,False,False,0.81
32,2024-01-01,Primero,2,False,Solfeo,Percusión,Abigail Shaffer,True,3,5,False,False,False,0.76
32,2024-06-01,Primero,2,False,Instrumento,Percusión,Cristian Santos,True,6,5,False,False,False,0.87
32,2024-09-01,Primero,2,False,Cámara,Percusión,Noah Rhodes,True,1,3,False,False,False,0.88
33,2021-01-01,Iniciación,1,False,Instrumento,Clarinete,Angie Henderson,True,7,5,False,False,False,0.82
33,2021-06-01,Iniciación,1,False,Solfeo,Clarinete,Cristian Santos,True,3,4,True,False,False,0.67
34,2023-01-01,Iniciación,1,False,Instrumento,Percusión,Gina Moore,True,8,4,False,False,False,0.83
34,2023-06-01,Iniciación,1,False,Instrumento,Percusión,Allison Hill,True,2,5,False,False,False,0.99
34,2023-09-01,Iniciación,1,False,Instrumento,Percusión,Ryan Munoz,True,5,1,False,False,False,0.81
34,2024-01-01,Primero,2,False,Instrumento,Percusión,Daniel Wagner,True,1,4,False,False,False,0.63
34,2024-06-01,Primero,2,False,Instrumento,Percusión,Gina Moore,True,6,4,False,False,False,0.66
34,2024-09-01,Primero,2,False,Coro,Percusión,Gina Moore,True,4,4,False,False,False,0.87
35,2020-01-01,Tercero,1,False,Coro,Percusión,Cristian Santos,True,7,5,False,False,False,0.87
35,2020-06-01,Tercero,1,False,Cámara,Percusión,Gina Moore,True,3,5,False,False,False,0.9
35,2020-09-01,Tercero,1,False,Instrumento,Percusión,Angie Henderson,True,3,5,False,False,False,0.77
35,2021-01-01,Cuarto,2,False,Instrumento,Percusión,Cristian Santos,True,1,5,False,False,False,0.7
35,2021-06-01,Cuarto,2,False,Coro,Percusión,Angie Henderson,True,1,5,False,True,True,0.82
35,2021-09-01,Cuarto,2,False,Instrumento,Percusión,Cristian Santos,False,6,5,False,False,False,0.82
35,2022-01-01,Cuarto,3,False,Coro,Percusión,Gabrielle Davis,True,2,5,False,False,False,0.78
35,2022-06-01,Cuarto,3,False,Instrumento,Percusión,Noah Rhodes,False,2,5,True,True,True,0.95
36,2018-01-01,Tercero,1,False,Instrumento,Flauta,Gabrielle Davis,True,2,3,False,False,False,0.93
36,2018-06-01,Tercero,1,False,Solfeo,Flauta,Daniel Wagner,True,7,5,True,False,False,0.93
37,2021-01-01,Primero,1,False,Solfeo,Tuba,Cristian Santos,True,7,4,False,False,False,0.66
37,2021-06-01,Primero,1,False,Instrumento,Tuba,Daniel Wagner,True,7,4,False,False,False,0.78
37,2021-09-01,Primero,1,False,Cámara,Tuba,Allison Hill,True,1,5,False,False,False,0.63
37,2022-01-01,Segundo,2,False,Cámara,Tuba,Connie Lawrence,True,3,4,False,False,False,0.61
37,2022-06-01,Segundo,2,False,Coro,Tuba,Ryan Munoz,True,5,4,False,False,False,0.88
37,2022-09-01,Segundo,2,False,Cámara,Tuba,Connie Lawrence,False,1,5,False,False,False,0.84
37,2023-01-01,Tercero,3,False,Coro,Tuba,Abigail Shaffer,True,4,5,False,False,False,0.85
37,2023-06-01,Tercero,3,False,Instrumento,Tuba,Connie Lawrence,False,7,5,False,False,False,0.63
37,2023-09-01,Tercero,3,False,Cámara,Tuba,Abigail Shaffer,True,3,4,False,False,False,0.69
37,2024-01-01,Cuarto,4,True,Cámara,Tuba,Gabrielle Davis,True,3,1,False,False,False,0.82
37,2024-06-01,Cuarto,4,True,Cámara,Tuba,Abigail Shaffer,False,2,5,False,True,True,0.65
37,2024-09-01,Cuarto,4,True,Solfeo,Tuba,Gina Moore,True,1,4,False,False,False,0.92
38,2019-01-01,Cuarto,1,False,Cámara,Clarinete,Cristian Santos,True,3,5,False,False,False,0.7
38,2019-06-01,Cuarto,1,False,Cámara,Clarinete,Gabrielle Davis,True,6,4,False,True,True,0.64
38,2019-09-01,Cuarto,1,False,Instrumento,Clarinete,Angie Henderson,True,8,2,False,False,False,0.76
38,2020-01-01,Cuarto,2,False,Instrumento,Clarinete,Cristian Santos,True,7,5,False,False,False,0.98
38,2020-06-01,Cuarto,2,False,Instrumento,Clarinete,Angie Henderson,True,3,4,False,False,False,0.81
38,2020-09-01,Cuarto,2,False,Solfeo,Clarinete,Daniel Wagner,True,1,5,False,False,False,0.75
38,2021-01-01,Cuarto,3,False,Solfeo,Clarinete,Ryan Munoz,False,2,3,False,False,False,0.62
38,2021-06-01,Cuarto,3,False,Coro,Clarinete,Noah Rhodes,True,6,4,False,False,False,0.66
38,2021-09-01,Cuarto,3,False,Instrumento,Clarinete,Allison Hill,False,5,5,False,False,False,0.93
38,2022-01-01,Cuarto,4,True,Solfeo,Clarinete,Gabrielle Davis,True,1,4,False,False,False,0.83
38,2022-06-01,Cuarto,4,False,Instrumento,Clarinete,Gina Moore,True,3,5,False,True,True,0.78
38,2022-09-01,Cuarto,4,False,Cámara,Clarinete,Noah Rhodes,True,7,4,False,False,False,0.74
38,2023-01-01,Cuarto,5,True,Instrumento,Clarinete,Cristian Santos,True,3,5,False,False,False,0.92
38,2023-06-01,Cuarto,5,True,Solfeo,Clarinete,Gabrielle Davis,True,1,5,False,False,False,0.8
38,2023-09-01,Cuarto,5,True,Coro,Clarinete,Allison Hill,True,4,4,False,False,False,0.96
38,2024-01-01,Cuarto,6,True,Cámara,Clarinete,Abigail Shaffer,True,8,5,True,False,False,0.77
39,2022-01-01,Primero,1,False,Instrumento,Oboe,Cristian Santos,True,2,4,False,False,False,0.67
39,2022-06-01,Primero,1,False,Solfeo,Oboe,Angie Henderson,True,7,5,True,False,False,0.98
40,2023-01-01,Iniciación,1,False,Cámara,Trompeta,Abigail Shaffer,True,3,4,False,False,False,0.75
40,2023-06-01,Iniciación,1,False,Solfeo,Trompeta,Allison Hill,True,4,4,False,False,False,0.75
40,2023-09-01,Iniciación,1,False,Solfeo,Trompeta,Cristian Santos,True,8,4,True,False,False,0.61
41,2019-01-01,Segundo,1,False,Solfeo,Flauta,Daniel Wagner,True,3,4,False,False,False,0.63
41,2019-06-01,Segundo,1,False,Coro,Flauta,Angie Henderson,True,3,5,False,False,False,0.77
41,2019-09-01,Segundo,1,False,Instrumento,Flauta,Allison Hill,True,8,5,False,False,False,0.86
41,2020-01-01,Tercero,2,False,Coro,Flauta,Allison Hill,True,8,4,False,False,False,0.87
41,2020-06-01,Tercero,2,False,Cámara,Flauta,Daniel Wagner,True,5,1,False,False,False,0.83
41,2020-09-01,Tercero,2,False,Cámara,Flauta,Noah Rhodes,True,2,5,False,False,False,1.0
41,2021-01-01,Cuarto,3,False,Instrumento,Flauta,Daniel Wagner,True,6,5,False,False,False,0.85
41,2021-06-01,Cuarto,3,False,Instrumento,Flauta,Cristian Santos,True,6,4,False,False,False,0.61
41,2021-09-01,Cuarto,3,False,Coro,Flauta,Allison Hill,True,1,5,False,False,False,0.77
41,2022-01-01,Cuarto,4,False,Instrumento,Flauta,Abigail Shaffer,True,2,4,False,False,False,0.93
41,2022-06-01,Cuarto,4,True,Solfeo,Flauta,Connie Lawrence,False,7,5,False,True,False,0.88
41,2022-09-01,Cuarto,4,True,Instrumento,Flauta,Connie Lawrence,False,8,1,False,False,False,0.9
41,2023-01-01,Cuarto,5,True,Cámara,Flauta,Daniel Wagner,True,5,5,False,False,False,0.99
41,2023-06-01,Cuarto,5,False,Solfeo,Flauta,Cristian Santos,True,4,1,False,False,False,0.64
41,2023-09-01,Cuarto,5,True,Instrumento,Flauta,Angie Henderson,True,3,2,False,False,False,0.63
41,2024-01-01,Cuarto,6,True,Coro,Flauta,Gabrielle Davis,True,5,3,False,False,False,1.0
41,2024-06-01,Cuarto,6,True,Cámara,Flauta,Gabrielle Davis,False,1,5,False,False,False,0.62
41,2024-09-01,Cuarto,6,False,Instrumento,Flauta,Abigail Shaffer,True,8,4,False,False,False,0.62
42,2019-01-01,Segundo,1,False,Instrumento,Flauta,Gabrielle Davis,True,1,4,False,False,False,0.95
42,2019-06-01,Segundo,1,False,Solfeo,Flauta,Daniel Wagner,False,7,5,False,False,False,0.68
42,2019-09-01,Segundo,1,False,Cámara,Flauta,Cristian Santos,True,2,1,False,False,False,0.61
42,2020-01-01,Tercero,2,False,Cámara,Flauta,Cristian Santos,True,8,4,False,False,False,0.62
42,2020-06-01,Tercero,2,False,Cámara,Flauta,Gabrielle Davis,True,2,5,False,False,False,0.91
42,2020-09-01,Tercero,2,False,Instrumento,Flauta,Ryan Munoz,True,1,5,False,False,False,0.96
42,2021-01-01,Cuarto,3,False,Solfeo,Flauta,Angie Henderson,True,8,2,False,False,False,0.77
42,2021-06-01,Cuarto,3,False,Solfeo,Flauta,Allison Hill,True,5,5,False,False,False,0.76
42,2021-09-01,Cuarto,3,False,Solfeo,Flauta,Gina Moore,True,7,5,False,False,False,0.74
42,2022-01-01,Cuarto,4,False,Solfeo,Flauta,Gina Moore,True,4,3,True,False,False,0.89
43,2019-01-01,Segundo,1,False,Cámara,Tuba,Connie Lawrence,True,8,3,False,False,False,0.62
43,2019-06-01,Segundo,1,False,Coro,Tuba,Cristian Santos,True,6,4,False,False,False,0.91
43,2019-09-01,Segundo,1,False,Coro,Tuba,Gina Moore,True,6,4,False,False,False,0.81
43,2020-01-01,Tercero,2,False,Coro,Tuba,Allison Hill,True,1,4,False,False,False,0.68
43,2020-06-01,Tercero,2,False,Coro,Tuba,Noah Rhodes,True,8,5,False,False,False,0.84
43,2020-09-01,Tercero,2,False,Cámara,Tuba,Ryan Munoz,True,6,5,False,False,False,0.66
43,2021-01-01,Cuarto,3,False,Instrumento,Tuba,Allison Hill,True,1,5,False,False,False,0.79
43,2021-06-01,Cuarto,3,False,Coro,Tuba,Daniel Wagner,True,6,5,False,True,False,0.6
43,2021-09-01,Cuarto,3,False,Solfeo,Tuba,Noah Rhodes,True,2,3,False,False,False,0.85
43,2022-01-01,Cuarto,4,False,Cámara,Tuba,Allison Hill,False,4,3,False,False,False,0.95
43,2022-06-01,Cuarto,4,True,Cámara,Tuba,Gabrielle Davis,True,4,1,False,False,False,0.61
43,2022-09-01,Cuarto,4,True,Instrumento,Tuba,Noah Rhodes,True,4,4,False,False,False,0.92
43,2023-01-01,Cuarto,5,True,Instrumento,Tuba,Noah Rhodes,True,3,5,False,False,False,0.75
43,2023-06-01,Cuarto,5,True,Instrumento,Tuba,Daniel Wagner,False,4,5,False,True,True,0.85
43,2023-09-01,Cuarto,5,True,Coro,Tuba,Gabrielle Davis,False,8,4,True,False,False,0.79
44,2019-01-01,Segundo,1,False,Instrumento,Tuba,Gabrielle Davis,True,8,3,False,False,False,0.81
44,2019-06-01,Segundo,1,False,Instrumento,Tuba,Gina Moore,True,7,5,False,False,False,0.86
44,2019-09-01,Segundo,1,False,Coro,Tuba,Daniel Wagner,False,8,5,False,False,False,0.72
44,2020-01-01,Tercero,2,False,Instrumento,Tuba,Ryan Munoz,True,6,4,True,False,False,0.9
45,2022-01-01,Primero,1,False,Coro,Oboe,Ryan Munoz,True,6,4,False,False,False,0.76
45,2022-06-01,Primero,1,False,Instrumento,Oboe,Connie Lawrence,True,1,3,False,False,False,0.86
45,2022-09-01,Primero,1,False,Cámara,Oboe,Noah Rhodes,True,2,5,False,False,False,0.64
45,2023-01-01,Segundo,2,False,Solfeo,Oboe,Connie Lawrence,True,4,4,False,False,False,0.7
45,2023-06-01,Segundo,2,False,Cámara,Oboe,Daniel Wagner,True,3,5,False,False,False,0.9
45,2023-09-01,Segundo,2,False,Cámara,Oboe,Allison Hill,True,5,5,False,False,False,0.76
45,2024-01-01,Tercero,3,False,Instrumento,Oboe,Ryan Munoz,True,1,4,False,False,False,0.9
45,2024-06-01,Tercero,3,False,Coro,Oboe,Abigail Shaffer,True,4,4,False,False,False,0.91
45,2024-09-01,Tercero,3,False,Instrumento,Oboe,Gina Moore,True,2,4,False,False,False,0.91
46,2019-01-01,Segundo,1,False,Instrumento,Percusión,Gabrielle Davis,True,3,4,False,False,False,0.98
46,2019-06-01,Segundo,1,False,Solfeo,Percusión,Gina Moore,True,6,4,False,False,False,0.87
46,2019-09-01,Segundo,1,False,Instrumento,Percusión,Gabrielle Davis,True,1,4,True,False,False,0.66
47,2018-01-01,Cuarto,1,False,Instrumento,Fagot,Daniel Wagner,False,2,4,False,False,False,0.64
47,2018-06-01,Cuarto,1,False,Instrumento,Fagot,Cristian Santos,True,2,5,False,False,False,0.84
47,2018-09-01,Cuarto,1,False,Solfeo,Fagot,Angie Henderson,True,7,4,False,False,False,0.86
47,2019-01-01,Cuarto,2,False,Solfeo,Fagot,Gina Moore,True,1,3,False,False,False,0.76
47,2019-06-01,Cuarto,2,False,Coro,Fagot,Noah Rhodes,True,7,4,True,False,False,0.95
48,2021-01-01,Iniciación,1,False,Instrumento,Flauta,Gina Moore,True,5,4,False,False,False,0.87
48,2021-06-01,Iniciación,1,False,Cámara,Flauta,Daniel Wagner,True,3,4,False,False,False,0.84
48,2021-09-01,Iniciación,1,False,Coro,Flauta,Gabrielle Davis,True,8,4,False,False,False,0.89
48,2022-01-01,Primero,2,False,Cámara,Flauta,Gina Moore,True,5,4,False,False,False,0.94
48,2022-06-01,Primero,2,False,Instrumento,Flauta,Daniel Wagner,True,7,4,False,False,False,0.67
48,2022-09-01,Primero,2,False,Solfeo,Flauta,Abigail Shaffer,True,1,4,False,False,False,0.71
48,2023-01-01,Segundo,3,False,Cámara,Flauta,Noah Rhodes,True,4,5,False,False,False,0.9
48,2023-06-01,Segundo,3,False,Solfeo,Flauta,Connie Lawrence,True,2,4,False,False,False,0.76
48,2023-09-01,Segundo,3,False,Coro,Flauta,Cristian Santos,True,1,4,True,False,False,0.88
49,2020-01-01,Segundo,1,False,Instrumento,Oboe,Daniel Wagner,True,1,4,False,False,False,0.65
49,2020-06-01,Segundo,1,False,Instrumento,Oboe,Gina Moore,True,2,4,False,False,False,0.98
49,2020-09-01,Segundo,1,False,Coro,Oboe,Gina Moore,True,3,3,True,False,False,0.64
50,2022-01-01,Primero,1,False,Coro,Fagot,Noah Rhodes,True,1,5,False,False,False,0.74
50,2022-06-01,Primero,1,False,Coro,Fagot,Allison Hill,False,4,4,True,False,False,0.85
51,2021-01-01,Segundo,1,False,Instrumento,Trombón,Cristian Santos,True,1,1,False,False,False,0.68
51,2021-06-01,Segundo,1,False,Coro,Trombón,Connie Lawrence,False,4,2,False,False,False,1.0
51,2021-09-01,Segundo,1,False,Cámara,Trombón,Daniel Wagner,True,2,4,False,False,False,0.92
51,2022-01-01,Tercero,2,False,Coro,Trombón,Angie Henderson,True,2,5,False,False,False,0.85
51,2022-06-01,Tercero,2,False,Coro,Trombón,Gabrielle Davis,True,7,3,False,False,False,0.74
51,2022-09-01,Tercero,2,False,Coro,Trombón,Allison Hill,True,6,1,False,False,False,0.69
51,2023-01-01,Cuarto,3,False,Cámara,Trombón,Ryan Munoz,True,2,5,False,False,False,0.91
51,2023-06-01,Cuarto,3,False,Instrumento,Trombón,Noah Rhodes,True,3,4,True,True,True,0.76
52,2020-01-01,Tercero,1,False,Cámara,Tuba,Angie Henderson,True,6,5,False,False,False,0.63
52,2020-06-01,Tercero,1,False,Solfeo,Tuba,Ryan Munoz,False,8,4,False,False,False,0.69
52,2020-09-01,Tercero,1,False,Solfeo,Tuba,Daniel Wagner,True,2,4,False,False,False,0.9
52,2021-01-01,Cuarto,2,False,Solfeo,Tuba,Allison Hill,True,8,4,False,False,False,0.68
52,2021-06-01,Cuarto,2,False,Solfeo,Tuba,Daniel Wagner,False,8,5,False,True,True,0.9
52,2021-09-01,Cuarto,2,False,Instrumento,Tuba,Cristian Santos,True,4,5,False,False,False,0.7
52,2022-01-01,Cuarto,3,False,Solfeo,Tuba,Daniel Wagner,True,4,5,False,False,False,0.73
52,2022-06-01,Cuarto,3,False,Instrumento,Tuba,Allison Hill,True,8,2,False,False,False,0.66
52,2022-09-01,Cuarto,3,False,Coro,Tuba,Angie Henderson,True,4,4,True,False,False,0.89
53,2022-01-01,Primero,1,False,Coro,Clarinete,Abigail Shaffer,True,4,4,False,False,False,0.99
53,2022-06-01,Primero,1,False,Coro,Clarinete,Cristian Santos,False,8,2,False,False,False,0.76
53,2022-09-01,Primero,1,False,Coro,Clarinete,Gina Moore,True,7,5,False,False,False,0.92
53,2023-01-01,Segundo,2,False,Solfeo,Clarinete,Abigail Shaffer,True,2,5,False,False,False,0.84
53,2023-06-01,Segundo,2,False,Coro,Clarinete,Gabrielle Davis,True,5,4,False,False,False,0.71
53,2023-09-01,Segundo,2,False,Instrumento,Clarinete,Noah Rhodes,True,8,3,False,False,False,0.6
53,2024-01-01,Tercero,3,False,Cámara,Clarinete,Gina Moore,True,7,5,False,False,False,0.75
53,2024-06-01,Tercero,3,False,Instrumento,Clarinete,Cristian Santos,True,2,4,True,False,False,0.97
54,2022-01-01,Primero,1,False,Coro,Tuba,Abigail Shaffer,False,6,4,False,False,False,0.88
54,2022-06-01,Primero,1,False,Solfeo,Tuba,Abigail Shaffer,False,4,4,True,False,False,0.93
55,2021-01-01,Segundo,1,False,Coro,Trompeta,Cristian Santos,True,3,4,False,False,False,0.98
55,2021-06-01,Segundo,1,False,Coro,Trompeta,Allison Hill,True,2,5,False,False,False,0.76
55,2021-09-01,Segundo,1,False,Solfeo,Trompeta,Gabrielle Davis,False,7,3,False,False,False,0.88
55,2022-01-01,Tercero,2,False,Instrumento,Trompeta,Ryan Munoz,True,7,5,False,False,False,0.95
55,2022-06-01,Tercero,2,False,Solfeo,Trompeta,Ryan Munoz,True,6,5,False,False,False,0.68
55,2022-09-01,Tercero,2,False,Instrumento,Trompeta,Cristian Santos,True,3,5,True,False,False,0.63
56,2021-01-01,Segundo,1,False,Cámara,Fagot,Abigail Shaffer,True,6,3,False,False,False,0.79
56,2021-06-01,Segundo,1,False,Solfeo,Fagot,Gina Moore,True,4,3,True,False,False,0.67
57,2020-01-01,Segundo,1,False,Instrumento,Fagot,Ryan Munoz,True,3,2,True,False,False,0.65
58,2021-01-01,Iniciación,1,False,Instrumento,Clarinete,Gina Moore,True,2,1,False,False,False,0.98
58,2021-06-01,Iniciación,1,False,Solfeo,Clarinete,Noah Rhodes,True,1,4,False,False,False,0.98
58,2021-09-01,Iniciación,1,False,Cámara,Clarinete,Gina Moore,True,6,5,False,False,False,0.87
58,2022-01-01,Primero,2,False,Cámara,Clarinete,Connie Lawrence,True,6,5,False,False,False,0.62
58,2022-06-01,Primero,2,False,Cámara,Clarinete,Connie Lawrence,True,1,4,False,False,False,0.89
58,2022-09-01,Primero,2,False,Coro,Clarinete,Allison Hill,True,5,5,False,False,False,0.7
58,2023-01-01,Segundo,3,False,Instrumento,Clarinete,Ryan Munoz,True,8,4,False,False,False,0.6
58,2023-06-01,Segundo,3,False,Cámara,Clarinete,Allison Hill,True,1,5,False,False,False,0.87
58,2023-09-01,Segundo,3,False,Coro,Clarinete,Ryan Munoz,True,2,4,False,False,False,0.98
58,2024-01-01,Tercero,4,True,Solfeo,Clarinete,Abigail Shaffer,True,4,5,False,False,False,0.95
58,2024-06-01,Tercero,4,True,Solfeo,Clarinete,Angie Henderson,True,2,4,False,False,False,0.82
58,2024-09-01,Tercero,4,False,Coro,Clarinete,Gina Moore,False,8,5,False,False,False,0.68
59,2021-01-01,Segundo,1,False,Solfeo,Trombón,Abigail Shaffer,False,1,3,False,False,False,0.96
59,2021-06-01,Segundo,1,False,Cámara,Trombón,Daniel Wagner,True,8,5,False,False,False,0.87
59,2021-09-01,Segundo,1,False,Instrumento,Trombón,Noah Rhodes,True,6,5,False,False,False,0.91
59,2022-01-01,Tercero,2,False,Solfeo,Trombón,Connie Lawrence,True,7,5,False,False,False,0.99
59,2022-06-01,Tercero,2,False,Instrumento,Trombón,Daniel Wagner,True,2,4,False,False,False,0.74
59,2022-09-01,Tercero,2,False,Coro,Trombón,Noah Rhodes,True,3,5,False,False,False,0.83
59,2023-01-01,Cuarto,3,False,Solfeo,Trombón,Cristian Santos,True,4,5,False,False,False,0.73
59,2023-06-01,Cuarto,3,False,Cámara,Trombón,Angie Henderson,True,4,3,True,False,False,0.73
60,2019-01-01,Tercero,1,False,Instrumento,Clarinete,Gina Moore,True,5,3,False,False,False,0.92
60,2019-06-01,Tercero,1,False,Solfeo,Clarinete,Ryan Munoz,True,2,4,False,False,False,0.83
60,2019-09-01,Tercero,1,False,Coro,Clarinete,Gina Moore,True,7,2,False,False,False,0.66
60,2020-01-01,Cuarto,2,False,Coro,Clarinete,Daniel Wagner,True,1,5,False,False,False,0.94
60,2020-06-01,Cuarto,2,False,Instrumento,Clarinete,Cristian Santos,False,3,5,False,True,True,1.0
60,2020-09-01,Cuarto,2,False,Instrumento,Clarinete,Abigail Shaffer,True,5,4,False,False,False,0.88
60,2021-01-01,Cuarto,3,False,Instrumento,Clarinete,Noah Rhodes,True,1,5,False,False,False,0.78
60,2021-06-01,Cuarto,3,False,Coro,Clarinete,Ryan Munoz,True,8,4,False,True,False,0.89
60,2021-09-01,Cuarto,3,False,Solfeo,Clarinete,Connie Lawrence,True,2,5,False,False,False,0.66
60,2022-01-01,Cuarto,4,False,Instrumento,Clarinete,Angie Henderson,False,2,4,False,False,False,0.98
60,2022-06-01,Cuarto,4,True,Cámara,Clarinete,Ryan Munoz,True,3,5,False,True,True,0.8
60,2022-09-01,Cuarto,4,True,Coro,Clarinete,Abigail Shaffer,True,2,5,False,False,False,0.86
60,2023-01-01,Cuarto,5,True,Instrumento,Clarinete,Connie Lawrence,True,2,2,False,False,False,0.87
60,2023-06-01,Cuarto,5,True,Solfeo,Clarinete,Ryan Munoz,True,8,4,False,False,False,0.67
60,2023-09-01,Cuarto,5,True,Instrumento,Clarinete,Cristian Santos,True,2,4,False,False,False,0.94
60,2024-01-01,Cuarto,6,True,Instrumento,Clarinete,Allison Hill,True,8,2,False,False,False,0.82
60,2024-06-01,Cuarto,6,False,Solfeo,Clarinete,Daniel Wagner,False,2,3,False,True,True,0.92
60,2024-09-01,Cuarto,6,True,Coro,Clarinete,Ryan Munoz,True,3,2,False,False,False,0.9
61,2021-01-01,Iniciación,1,False,Cámara,Flauta,Gabrielle Davis,True,1,4,True,False,False,0.98
62,2019-01-01,Tercero,1,False,Coro,Percusión,Ryan Munoz,True,6,4,False,False,False,0.74
62,2019-06-01,Tercero,1,False,Coro,Percusión,Noah Rhodes,True,1,4,False,False,False,0.72
62,2019-09-01,Tercero,1,False,Coro,Percusión,Angie Henderson,True,4,4,False,False,False,0.89
62,2020-01-01,Cuarto,2,False,Instrumento,Percusión,Noah Rhodes,True,5,4,False,False,False,0.76
62,2020-06-01,Cuarto,2,False,Solfeo,Percusión,Cristian Santos,True,3,4,True,False,False,1.0
63,2019-01-01,Segundo,1,False,Coro,Oboe,Abigail Shaffer,True,6,5,False,False,False,0.61
63,2019-06-01,Segundo,1,False,Coro,Oboe,Noah Rhodes,True,2,5,False,False,False,0.73
63,2019-09-01,Segundo,1,False,Solfeo,Oboe,Connie Lawrence,False,5,3,False,False,False,0.71
63,2020-01-01,Tercero,2,False,Solfeo,Oboe,Abigail Shaffer,False,4,4,False,False,False,0.97
63,2020-06-01,Tercero,2,False,Coro,Oboe,Gabrielle Davis,True,5,4,False,False,False,0.64
63,2020-09-01,Tercero,2,False,Cámara,Oboe,Ryan Munoz,False,5,5,False,False,False,0.67
63,2021-01-01,Cuarto,3,False,Instrumento,Oboe,Angie Henderson,True,7,4,False,False,False,0.6
63,2021-06-01,Cuarto,3,False,Coro,Oboe,Angie Henderson,True,5,2,False,False,False,0.88
63,2021-09-01,Cuarto,3,False,Coro,Oboe,Ryan Munoz,True,8,3,False,False,False,0.92
63,2022-01-01,Cuarto,4,True,Cámara,Oboe,Abigail Shaffer,True,4,4,False,False,False,0.98
63,2022-06-01,Cuarto,4,True,Cámara,Oboe,Noah Rhodes,True,2,5,False,True,True,0.9
63,2022-09-01,Cuarto,4,True,Instrumento,Oboe,Allison Hill,False,7,5,False,False,False,0.65
63,2023-01-01,Cuarto,5,True,Solfeo,Oboe,Abigail Shaffer,True,4,5,False,False,False,0.89
63,2023-06-01,Cuarto,5,True,Cámara,Oboe,Daniel Wagner,False,1,5,False,False,False,0.95
63,2023-09-01,Cuarto,5,True,Coro,Oboe,Angie Henderson,True,3,4,False,False,False,0.77
63,2024-01-01,Cuarto,6,True,Cámara,Oboe,Noah Rhodes,True,4,5,False,False,False,0.94
63,2024-06-01,Cuarto,6,True,Instrumento,Oboe,Cristian Santos,True,1,5,False,True,True,0.97
63,2024-09-01,Cuarto,6,True,Solfeo,Oboe,Gina Moore,False,8,2,True,False,False,0.78
64,2020-01-01,Primero,1,False,Cámara,Trompeta,Angie Henderson,True,1,3,False,False,False,0.63
64,2020-06-01,Primero,1,False,Coro,Trompeta,Abigail Shaffer,True,8,1,False,False,False,0.7
64,2020-09-01,Primero,1,False,Instrumento,Trompeta,Abigail Shaffer,True,6,4,False,False,False,0.92
64,2021-01-01,Segundo,2,False,Solfeo,Trompeta,Gina Moore,True,8,3,False,False,False,0.77
64,2021-06-01,Segundo,2,False,Cámara,Trompeta,Daniel Wagner,True,5,1,False,False,False,0.9
64,2021-09-01,Segundo,2,False,Solfeo,Trompeta,Angie Henderson,True,8,5,False,False,False,0.65
64,2022-01-01,Tercero,3,False,Instrumento,Trompeta,Gabrielle Davis,True,3,4,False,False,False,0.95
64,2022-06-01,Tercero,3,False,Instrumento,Trompeta,Angie Henderson,True,2,5,False,False,False,0.74
64,2022-09-01,Tercero,3,False,Solfeo,Trompeta,Daniel Wagner,True,6,4,False,False,False,0.6
64,2023-01-01,Cuarto,4,True,Cámara,Trompeta,Gina Moore,True,7,4,False,False,False,0.8
64,2023-06-01,Cuarto,4,True,Solfeo,Trompeta,Cristian Santos,False,4,5,False,True,False,0.64
64,2023-09-01,Cuarto,4,True,Coro,Trompeta,Daniel Wagner,False,3,4,False,False,False,0.62
64,2024-01-01,Cuarto,5,False,Coro,Trompeta,Abigail Shaffer,True,4,2,True,False,False,0.76
65,2022-01-01,Primero,1,False,Coro,Clarinete,Connie Lawrence,True,1,4,False,False,False,0.72
65,2022-06-01,Primero,1,False,Cámara,Clarinete,Connie Lawrence,True,6,5,False,False,False,0.96
65,2022-09-01,Primero,1,False,Coro,Clarinete,Allison Hill,True,6,4,False,False,False,0.96
65,2023-01-01,Segundo,2,False,Solfeo,Clarinete,Abigail Shaffer,True,8,4,False,False,False,0.64
65,2023-06-01,Segundo,2,False,Solfeo,Clarinete,Gabrielle Davis,True,3,4,False,False,False,0.74
65,2023-09-01,Segundo,2,False,Cámara,Clarinete,Daniel Wagner,True,4,4,True,False,False,0.64
66,2021-01-01,Segundo,1,False,Solfeo,Trombón,Ryan Munoz,False,4,3,False,False,False,0.64
66,2021-06-01,Segundo,1,False,Cámara,Trombón,Cristian Santos,True,4,4,False,False,False,0.65
66,2021-09-01,Segundo,1,False,Instrumento,Trombón,Gabrielle Davis,True,6,5,False,False,False,0.89
66,2022-01-01,Tercero,2,False,Instrumento,Trombón,Noah Rhodes,True,1,3,False,False,False,0.99
66,2022-06-01,Tercero,2,False,Cámara,Trombón,Allison Hill,False,1,5,False,False,False,0.9
66,2022-09-01,Tercero,2,False,Instrumento,Trombón,Gina Moore,True,2,3,False,False,False,0.75
66,2023-01-01,Cuarto,3,False,Instrumento,Trombón,Abigail Shaffer,True,4,3,False,False,False,0.69
66,2023-06-01,Cuarto,3,False,Solfeo,Trombón,Gabrielle Davis,True,5,4,False,False,False,0.82
66,2023-09-01,Cuarto,3,False,Coro,Trombón,Daniel Wagner,True,4,4,False,False,False,0.98
66,2024-01-01,Cuarto,4,True,Coro,Trombón,Cristian Santos,False,1,5,False,False,False,0.93
66,2024-06-01,Cuarto,4,True,Solfeo,Trombón,Connie Lawrence,True,6,4,False,False,False,0.71
66,2024-09-01,Cuarto,4,True,Cámara,Trombón,Connie Lawrence,False,1,5,False,False,False,0.99
67,2021-01-01,Iniciación,1,False,Instrumento,Trombón,Cristian Santos,False,4,5,False,False,False,0.71
67,2021-06-01,Iniciación,1,False,Instrumento,Trombón,Angie Henderson,True,7,4,False,False,False,0.64
67,2021-09-01,Iniciación,1,False,Coro,Trombón,Gina Moore,True,3,3,False,False,False,0.89
67,2022-01-01,Primero,2,False,Cámara,Trombón,Allison Hill,True,3,5,False,False,False,0.68
67,2022-06-01,Primero,2,False,Coro,Trombón,Noah Rhodes,True,8,5,False,False,False,0.64
67,2022-09-01,Primero,2,False,Coro,Trombón,Allison Hill,True,7,4,False,False,False,0.61
67,2023-01-01,Segundo,3,False,Solfeo,Trombón,Angie Henderson,True,2,4,False,False,False,0.84
67,2023-06-01,Segundo,3,False,Solfeo,Trombón,Noah Rhodes,True,6,5,True,False,False,0.66
68,2020-01-01,Segundo,1,False,Cámara,Tuba,Connie Lawrence,True,4,2,False,False,False,0.85
68,2020-06-01,Segundo,1,False,Solfeo,Tuba,Allison Hill,True,2,4,False,False,False,0.95
68,2020-09-01,Segundo,1,False,Instrumento,Tuba,Angie Henderson,True,4,1,False,False,False,0.66
68,2021-01-01,Tercero,2,False,Cámara,Tuba,Daniel Wagner,False,7,5,False,False,False,0.96
68,2021-06-01,Tercero,2,False,Instrumento,Tuba,Angie Henderson,False,4,3,False,False,False,0.74
68,2021-09-01,Tercero,2,False,Cámara,Tuba,Noah Rhodes,True,2,5,False,False,False,0.67
68,2022-01-01,Cuarto,3,False,Cámara,Tuba,Ryan Munoz,True,7,3,False,False,False,0.72
68,2022-06-01,Cuarto,3,False,Cámara,Tuba,Connie Lawrence,False,5,5,False,False,False,0.92
68,2022-09-01,Cuarto,3,False,Solfeo,Tuba,Allison Hill,False,3,5,False,False,False,0.66
68,2023-01-01,Cuarto,4,True,Instrumento,Tuba,Noah Rhodes,True,7,5,False,False,False,0.64
68,2023-06-01,Cuarto,4,False,Coro,Tuba,Abigail Shaffer,True,8,4,False,True,False,0.73
68,2023-09-01,Cuarto,4,False,Coro,Tuba,Abigail Shaffer,True,8,4,False,False,False,0.81
68,2024-01-01,Cuarto,5,True,Solfeo,Tuba,Ryan Munoz,True,4,5,False,False,False,0.6
68,2024-06-01,Cuarto,5,False,Solfeo,Tuba,Connie Lawrence,True,3,5,True,True,False,0.95
69,2019-01-01,Tercero,1,False,Coro,Percusión,Gabrielle Davis,False,7,4,False,False,False,0.62
69,2019-06-01,Tercero,1,False,Coro,Percusión,Noah Rhodes,False,3,4,True,False,False,0.99
70,2022-01-01,Primero,1,False,Solfeo,Trombón,Gina Moore,True,3,1,False,False,False,0.63
70,2022-06-01,Primero,1,False,Solfeo,Trombón,Allison Hill,True,7,3,False,False,False,0.9
70,2022-09-01,Primero,1,False,Cámara,Trombón,Gina Moore,True,6,4,False,False,False,0.61
70,2023-01-01,Segundo,2,False,Solfeo,Trombón,Angie Henderson,True,1,5,False,False,False,0.66
70,2023-06-01,Segundo,2,False,Instrumento,Trombón,Abigail Shaffer,True,8,4,False,False,False,0.97
70,2023-09-01,Segundo,2,False,Cámara,Trombón,Daniel Wagner,True,3,4,True,False,False,0.75
71,2019-01-01,Cuarto,1,False,Instrumento,Clarinete,Ryan Munoz,True,7,3,False,False,False,0.82
71,2019-06-01,Cuarto,1,False,Solfeo,Clarinete,Gina Moore,True,7,5,False,False,False,0.86
71,2019-09-01,Cuarto,1,False,Coro,Clarinete,Cristian Santos,True,2,4,False,False,False,0.73
71,2020-01-01,Cuarto,2,False,Coro,Clarinete,Cristian Santos,True,2,2,False,False,False,0.9
71,2020-06-01,Cuarto,2,False,Cámara,Clarinete,Daniel Wagner,True,1,4,True,False,False,0.62
72,2018-01-01,Cuarto,1,False,Solfeo,Trompeta,Connie Lawrence,True,5,1,False,False,False,0.71
72,2018-06-01,Cuarto,1,False,Instrumento,Trompeta,Gabrielle Davis,True,7,5,False,False,False,0.64
72,2018-09-01,Cuarto,1,False,Instrumento,Trompeta,Gabrielle Davis,True,3,1,False,False,False,0.79
72,2019-01-01,Cuarto,2,False,Solfeo,Trompeta,Cristian Santos,True,8,2,False,False,False,0.98
72,2019-06-01,Cuarto,2,False,Coro,Trompeta,Daniel Wagner,True,3,5,False,False,False,0.81
72,2019-09-01,Cuarto,2,False,Cámara,Trompeta,Gina Moore,True,6,4,False,False,False,0.98
72,2020-01-01,Cuarto,3,False,Solfeo,Trompeta,Abigail Shaffer,True,2,5,False,False,False,1.0
72,2020-06-01,Cuarto,3,False,Solfeo,Trompeta,Allison Hill,True,5,4,False,False,False,0.63
72,2020-09-01,Cuarto,3,False,Solfeo,Trompeta,Gina Moore,True,5,3,False,False,False,0.75
72,2021-01-01,Cuarto,4,True,Coro,Trompeta,Gina Moore,True,8,5,False,False,False,0.78
72,2021-06-01,Cuarto,4,False,Solfeo,Trompeta,Ryan Munoz,True,6,5,False,False,False,0.97
72,2021-09-01,Cuarto,4,True,Cámara,Trompeta,Gabrielle Davis,True,6,4,False,False,False,0.8
72,2022-01-01,Cuarto,5,True,Solfeo,Trompeta,Ryan Munoz,False,1,5,False,False,False,0.93
72,2022-06-01,Cuarto,5,True,Solfeo,Trompeta,Cristian Santos,True,7,5,False,False,False,0.87
72,2022-09-01,Cuarto,5,True,Instrumento,Trompeta,Gabrielle Davis,False,8,3,False,False,False,0.64
72,2023-01-01,Cuarto,6,False,Instrumento,Trompeta,Abigail Shaffer,True,6,2,False,False,False,0.84
72,2023-06-01,Cuarto,6,True,Instrumento,Trompeta,Noah Rhodes,True,1,4,False,True,True,0.83
72,2023-09-01,Cuarto,6,False,Instrumento,Trompeta,Allison Hill,False,6,5,False,False,False,0.69
72,2024-01-01,Cuarto,7,True,Solfeo,Trompeta,Abigail Shaffer,True,3,2,True,False,False,0.76
73,2022-01-01,Primero,1,False,Instrumento,Percusión,Gabrielle Davis,True,5,3,True,False,False,0.96
74,2021-01-01,Primero,1,False,Coro,Tuba,Connie Lawrence,False,8,4,False,False,False,0.66
74,2021-06-01,Primero,1,False,Instrumento,Tuba,Connie Lawrence,False,7,5,False,False,False,0.96
74,2021-09-01,Primero,1,False,Coro,Tuba,Noah Rhodes,True,3,4,False,False,False,0.98
74,2022-01-01,Segundo,2,False,Cámara,Tuba,Allison Hill,True,8,5,False,False,False,0.73
74,2022-06-01,Segundo,2,False,Instrumento,Tuba,Cristian Santos,True,1,5,False,False,False,0.94
74,2022-09-01,Segundo,2,False,Instrumento,Tuba,Ryan Munoz,True,4,5,False,False,False,0.88
74,2023-01-01,Tercero,3,False,Coro,Tuba,Ryan Munoz,True,6,4,False,False,False,0.87
74,2023-06-01,Tercero,3,False,Solfeo,Tuba,Connie Lawrence,True,1,4,False,False,False,0.93
74,2023-09-01,Tercero,3,False,Solfeo,Tuba,Gina Moore,True,8,4,False,False,False,0.93
74,2024-01-01,Cuarto,4,True,Cámara,Tuba,Noah Rhodes,False,8,4,False,False,False,0.84
74,2024-06-01,Cuarto,4,True,Instrumento,Tuba,Cristian Santos,True,7,5,False,False,False,0.96
74,2024-09-01,Cuarto,4,True,Solfeo,Tuba,Noah Rhodes,True,1,5,False,False,False,0.8
75,2021-01-01,Segundo,1,False,Instrumento,Trombón,Gabrielle Davis,True,1,5,False,False,False,0.68
75,2021-06-01,Segundo,1,False,Instrumento,Trombón,Gabrielle Davis,True,4,5,False,False,False,0.74
75,2021-09-01,Segundo,1,False,Instrumento,Trombón,Abigail Shaffer,False,7,1,False,False,False,0.69
75,2022-01-01,Tercero,2,False,Cámara,Trombón,Cristian Santos,False,5,4,False,False,False,0.96
75,2022-06-01,Tercero,2,False,Coro,Trombón,Allison Hill,False,7,1,True,False,False,0.92
76,2020-01-01,Tercero,1,False,Cámara,Oboe,Angie Henderson,False,7,4,False,False,False,0.68
76,2020-06-01,Tercero,1,False,Instrumento,Oboe,Allison Hill,True,7,3,False,False,False,0.99
76,2020-09-01,Tercero,1,False,Coro,Oboe,Abigail Shaffer,False,3,4,True,False,False,0.92
77,2021-01-01,Segundo,1,False,Cámara,Fagot,Gabrielle Davis,True,6,4,True,False,False,0.77
78,2021-01-01,Segundo,1,False,Solfeo,Tuba,Ryan Munoz,True,2,4,True,False,False,0.89
79,2019-01-01,Cuarto,1,False,Coro,Oboe,Daniel Wagner,True,4,4,False,False,False,0.7
79,2019-06-01,Cuarto,1,False,Instrumento,Oboe,Cristian Santos,True,5,2,False,True,False,0.95
79,2019-09-01,Cuarto,1,False,Solfeo,Oboe,Gina Moore,False,2,3,False,False,False,0.96
79,2020-01-01,Cuarto,2,False,Solfeo,Oboe,Noah Rhodes,True,6,5,False,False,False,0.64
79,2020-06-01,Cuarto,2,False,Solfeo,Oboe,Abigail Shaffer,True,2,4,False,False,False,0.85
79,2020-09-01,Cuarto,2,False,Instrumento,Oboe,Angie Henderson,True,1,5,False,False,False,0.85
79,2021-01-01,Cuarto,3,False,Solfeo,Oboe,Noah Rhodes,False,6,4,False,False,False,0.82
79,2021-06-01,Cuarto,3,False,Coro,Oboe,Gabrielle Davis,True,2,3,True,True,True,0.66
80,2018-01-01,Tercero,1,False,Solfeo,Clarinete,Connie Lawrence,True,2,5,False,False,False,0.71
80,2018-06-01,Tercero,1,False,Instrumento,Clarinete,Daniel Wagner,False,6,5,False,False,False,0.79
80,2018-09-01,Tercero,1,False,Instrumento,Clarinete,Abigail Shaffer,True,7,5,False,False,False,0.68
80,2019-01-01,Cuarto,2,False,Cámara,Clarinete,Abigail Shaffer,True,5,3,False,False,False,0.89
80,2019-06-01,Cuarto,2,False,Instrumento,Clarinete,Gina Moore,True,5,5,False,False,False,0.77
80,2019-09-01,Cuarto,2,False,Cámara,Clarinete,Connie Lawrence,False,2,4,False,False,False,0.98
80,2020-01-01,Cuarto,3,False,Cámara,Clarinete,Ryan Munoz,True,6,4,False,False,False,0.92
80,2020-06-01,Cuarto,3,False,Instrumento,Clarinete,Angie Henderson,True,2,4,False,True,True,0.6
80,2020-09-01,Cuarto,3,False,Solfeo,Clarinete,Connie Lawrence,True,6,5,False,False,False,0.75
80,2021-01-01,Cuarto,4,True,Coro,Clarinete,Noah Rhodes,True,2,4,False,False,False,0.87
80,2021-06-01,Cuarto,4,True,Cámara,Clarinete,Daniel Wagner,True,8,4,False,True,True,0.67
80,2021-09-01,Cuarto,4,True,Instrumento,Clarinete,Daniel Wagner,True,5,1,False,False,False,0.83
80,2022-01-01,Cuarto,5,True,Instrumento,Clarinete,Cristian Santos,True,7,1,False,False,False,0.81
80,2022-06-01,Cuarto,5,True,Solfeo,Clarinete,Noah Rhodes,True,7,5,False,False,False,0.76
80,2022-09-01,Cuarto,5,True,Cámara,Clarinete,Gina Moore,True,7,4,False,False,False,0.8
80,2023-01-01,Cuarto,6,True,Solfeo,Clarinete,Connie Lawrence,False,2,1,True,False,False,0.6
81,2022-01-01,Iniciación,1,False,Coro,Fagot,Angie Henderson,True,6,5,False,False,False,0.6
81,2022-06-01,Iniciación,1,False,Solfeo,Fagot,Cristian Santos,False,1,3,False,False,False,0.63
81,2022-09-01,Iniciación,1,False,Cámara,Fagot,Ryan Munoz,True,7,4,False,False,False,0.66
81,2023-01-01,Primero,2,False,Instrumento,Fagot,Noah Rhodes,True,3,5,False,False,False,0.99
81,2023-06-01,Primero,2,False,Instrumento,Fagot,Gina Moore,True,4,4,False,False,False,0.99
81,2023-09-01,Primero,2,False,Cámara,Fagot,Gina Moore,True,5,5,False,False,False,0.74
81,2024-01-01,Segundo,3,False,Coro,Fagot,Daniel Wagner,True,2,5,True,False,False,0.61
82,2021-01-01,Primero,1,False,Instrumento,Clarinete,Noah Rhodes,True,6,5,False,False,False,0.78
82,2021-06-01,Primero,1,False,Coro,Clarinete,Gabrielle Davis,True,3,4,False,False,False,0.99
82,2021-09-01,Primero,1,False,Coro,Clarinete,Abigail Shaffer,True,5,4,False,False,False,0.98
82,2022-01-01,Segundo,2,False,Solfeo,Clarinete,Angie Henderson,True,2,5,False,False,False,0.96
82,2022-06-01,Segundo,2,False,Coro,Clarinete,Cristian Santos,True,8,4,False,False,False,0.82
82,2022-09-01,Segundo,2,False,Cámara,Clarinete,Abigail Shaffer,True,7,4,False,False,False,0.62
82,2023-01-01,Tercero,3,False,Cámara,Clarinete,Connie Lawrence,True,7,5,False,False,False,0.72
82,2023-06-01,Tercero,3,False,Instrumento,Clarinete,Angie Henderson,True,8,4,False,False,False,0.62
82,2023-09-01,Tercero,3,False,Coro,Clarinete,Noah Rhodes,True,1,5,False,False,False,0.7
82,2024-01-01,Cuarto,4,True,Cámara,Clarinete,Daniel Wagner,False,7,4,False,False,False,0.89
82,2024-06-01,Cuarto,4,False,Cámara,Clarinete,Gina Moore,True,4,4,False,False,False,0.89
82,2024-09-01,Cuarto,4,True,Instrumento,Clarinete,Cristian Santos,False,4,3,False,False,False,0.67
83,2021-01-01,Primero,1,False,Solfeo,Tuba,Gina Moore,True,1,3,False,False,False,0.63
83,2021-06-01,Primero,1,False,Solfeo,Tuba,Ryan Munoz,True,8,4,False,False,False,0.7
83,2021-09-01,Primero,1,False,Solfeo,Tuba,Allison Hill,True,5,5,False,False,False,0.67
83,2022-01-01,Segundo,2,False,Coro,Tuba,Noah Rhodes,True,6,4,False,False,False,1.0
83,2022-06-01,Segundo,2,False,Cámara,Tuba,Gina Moore,True,8,1,False,False,False,0.88
83,2022-09-01,Segundo,2,False,Instrumento,Tuba,Noah Rhodes,True,1,3,False,False,False,0.69
83,2023-01-01,Tercero,3,False,Coro,Tuba,Connie Lawrence,True,4,4,False,False,False,0.77
83,2023-06-01,Tercero,3,False,Coro,Tuba,Noah Rhodes,True,7,5,False,False,False,0.95
83,2023-09-01,Tercero,3,False,Instrumento,Tuba,Gabrielle Davis,True,6,5,False,False,False,0.77
83,2024-01-01,Cuarto,4,False,Cámara,Tuba,Daniel Wagner,True,6,5,False,False,False,0.92
83,2024-06-01,Cuarto,4,True,Cámara,Tuba,Cristian Santos,True,1,4,False,True,True,0.99
83,2024-09-01,Cuarto,4,True,Coro,Tuba,Cristian Santos,True,2,5,True,False,False,0.62
84,2022-01-01,Primero,1,False,Solfeo,Trombón,Gina Moore,True,7,4,False,False,False,0.62
84,2022-06-01,Primero,1,False,Coro,Trombón,Connie Lawrence,False,3,5,False,False,False,0.66
84,2022-09-01,Primero,1,False,Coro,Trombón,Abigail Shaffer,True,2,4,True,False,False,0.97
85,2022-01-01,Primero,1,False,Instrumento,Fagot,Abigail Shaffer,False,2,5,False,False,False,0.84
85,2022-06-01,Primero,1,False,Coro,Fagot,Ryan Munoz,True,6,5,False,False,False,0.91
85,2022-09-01,Primero,1,False,Cámara,Fagot,Angie Henderson,True,4,4,True,False,False,0.83
86,2021-01-01,Segundo,1,False,Instrumento,Tuba,Abigail Shaffer,True,8,5,False,False,False,0.87
86,2021-06-01,Segundo,1,False,Cámara,Tuba,Gina Moore,True,8,4,False,False,False,0.61
86,2021-09-01,Segundo,1,False,Solfeo,Tuba,Abigail Shaffer,True,3,5,False,False,False,0.7
86,2022-01-01,Tercero,2,False,Cámara,Tuba,Angie Henderson,True,5,2,False,False,False,0.65
86,2022-06-01,Tercero,2,False,Solfeo,Tuba,Gina Moore,True,8,5,True,False,False,0.71
87,2017-01-01,Cuarto,1,False,Solfeo,Oboe,Cristian Santos,True,6,5,False,False,False,0.83
87,2017-06-01,Cuarto,1,False,Solfeo,Oboe,Daniel Wagner,True,8,3,False,False,False,0.66
87,2017-09-01,Cuarto,1,False,Cámara,Oboe,Allison Hill,True,4,3,True,False,False,0.84
88,2021-01-01,Iniciación,1,False,Coro,Clarinete,Noah Rhodes,True,8,4,False,False,False,0.72
88,2021-06-01,Iniciación,1,False,Instrumento,Clarinete,Angie Henderson,True,5,5,False,False,False,0.94
88,2021-09-01,Iniciación,1,False,Solfeo,Clarinete,Abigail Shaffer,True,1,3,False,False,False,0.86
88,2022-01-01,Primero,2,False,Coro,Clarinete,Gabrielle Davis,True,4,4,False,False,False,0.87
88,2022-06-01,Primero,2,False,Instrumento,Clarinete,Connie Lawrence,True,7,4,False,False,False,0.79
88,2022-09-01,Primero,2,False,Instrumento,Clarinete,Angie Henderson,True,8,3,False,False,False,0.83
88,2023-01-01,Segundo,3,False,Solfeo,Clarinete,Ryan Munoz,True,6,5,False,False,False,0.89
88,2023-06-01,Segundo,3,False,Cámara,Clarinete,Allison Hill,False,6,4,False,False,False,0.68
88,2023-09-01,Segundo,3,False,Instrumento,Clarinete,Gabrielle Davis,True,3,4,False,False,False,0.74
88,2024-01-01,Tercero,4,True,Coro,Clarinete,Cristian Santos,True,5,5,True,False,False,0.94
89,2021-01-01,Primero,1,False,Cámara,Tuba,Angie Henderson,True,6,4,False,False,False,0.63
89,2021-06-01,Primero,1,False,Solfeo,Tuba,Angie Henderson,True,2,4,False,False,False,0.73
89,2021-09-01,Primero,1,False,Coro,Tuba,Daniel Wagner,True,3,5,False,False,False,0.99
89,2022-01-01,Segundo,2,False,Solfeo,Tuba,Allison Hill,True,2,1,False,False,False,0.78
89,2022-06-01,Segundo,2,False,Cámara,Tuba,Ryan Munoz,True,1,5,False,False,False,0.88
89,2022-09-01,Segundo,2,False,Instrumento,Tuba,Angie Henderson,False,4,3,False,False,False,0.87
89,2023-01-01,Tercero,3,False,Coro,Tuba,Daniel Wagner,True,7,5,False,False,False,0.68
89,2023-06-01,Tercero,3,False,Solfeo,Tuba,Noah Rhodes,True,3,5,False,False,False,0.76
89,2023-09-01,Tercero,3,False,Solfeo,Tuba,Connie Lawrence,True,8,3,False,False,False,0.93
89,2024-01-01,Cuarto,4,True,Cámara,Tuba,Ryan Munoz,False,3,5,False,False,False,0.85
89,2024-06-01,Cuarto,4,False,Solfeo,Tuba,Angie Henderson,True,5,3,False,True,True,0.61
89,2024-09-01,Cuarto,4,False,Cámara,Tuba,Cristian Santos,True,6,2,False,False,False,0.99
90,2023-01-01,Iniciación,1,False,Cámara,Clarinete,Abigail Shaffer,True,2,4,False,False,False,0.99
90,2023-06-01,Iniciación,1,False,Solfeo,Clarinete,Allison Hill,True,5,4,False,False,False,0.62
90,2023-09-01,Iniciación,1,False,Coro,Clarinete,Gabrielle Davis,True,6,5,False,False,False,0.95
90,2024-01-01,Primero,2,False,Coro,Clarinete,Gina Moore,True,1,4,True,False,False,0.77
91,2019-01-01,Segundo,1,False,Coro,Percusión,Cristian Santos,True,2,1,False,False,False,0.86
91,2019-06-01,Segundo,1,False,Instrumento,Percusión,Gina Moore,True,4,1,True,False,False,0.91
92,2020-01-01,Tercero,1,False,Solfeo,Fagot,Gabrielle Davis,True,7,5,False,False,False,0.77
92,2020-06-01,Tercero,1,False,Instrumento,Fagot,Gabrielle Davis,True,8,3,False,False,False,0.96
92,2020-09-01,Tercero,1,False,Cámara,Fagot,Daniel Wagner,True,1,4,True,False,False,0.6
93,2022-01-01,Primero,1,False,Solfeo,Trompeta,Daniel Wagner,True,2,2,False,False,False,0.71
93,2022-06-01,Primero,1,False,Cámara,Trompeta,Connie Lawrence,True,4,5,False,False,False,0.76
93,2022-09-01,Primero,1,False,Solfeo,Trompeta,Noah Rhodes,True,4,4,False,False,False,0.74
93,2023-01-01,Segundo,2,False,Coro,Trompeta,Gina Moore,True,6,5,False,False,False,0.86
93,2023-06-01,Segundo,2,False,Cámara,Trompeta,Connie Lawrence,True,2,2,False,False,False,0.88
93,2023-09-01,Segundo,2,False,Instrumento,Trompeta,Cristian Santos,True,3,5,False,False,False,0.72
93,2024-01-01,Tercero,3,False,Coro,Trompeta,Noah Rhodes,True,3,1,False,False,False,0.78
93,2024-06-01,Tercero,3,False,Instrumento,Trompeta,Noah Rhodes,True,1,4,False,False,False,0.72
93,2024-09-01,Tercero,3,False,Solfeo,Trompeta,Allison Hill,True,7,4,False,False,False,0.75
94,2021-01-01,Iniciación,1,False,Coro,Fagot,Abigail Shaffer,True,5,1,False,False,False,0.97
94,2021-06-01,Iniciación,1,False,Cámara,Fagot,Cristian Santos,True,4,5,False,False,False,0.93
94,2021-09-01,Iniciación,1,False,Instrumento,Fagot,Abigail Shaffer,True,1,5,False,False,False,0.98
94,2022-01-01,Primero,2,False,Cámara,Fagot,Gabrielle Davis,True,5,3,False,False,False,0.9
94,2022-06-01,Primero,2,False,Coro,Fagot,Angie Henderson,False,5,5,False,False,False,0.63
94,2022-09-01,Primero,2,False,Coro,Fagot,Gabrielle Davis,True,7,1,False,False,False,0.71
94,2023-01-01,Segundo,3,False,Cámara,Fagot,Ryan Munoz,True,5,4,False,False,False,0.71
94,2023-06-01,Segundo,3,False,Coro,Fagot,Gina Moore,True,8,1,True,False,False,0.74
95,2021-01-01,Segundo,1,False,Instrumento,Clarinete,Allison Hill,True,2,4,False,False,False,0.73
95,2021-06-01,Segundo,1,False,Solfeo,Clarinete,Gina Moore,True,5,4,False,False,False,0.69
95,2021-09-01,Segundo,1,False,Coro,Clarinete,Angie Henderson,False,1,4,False,False,False,0.67
95,2022-01-01,Tercero,2,False,Instrumento,Clarinete,Ryan Munoz,True,4,2,False,False,False,0.7
95,2022-06-01,Tercero,2,False,Cámara,Clarinete,Allison Hill,True,6,4,True,False,False,0.69
96,2023-01-01,Iniciación,1,False,Solfeo,Percusión,Gabrielle Davis,True,4,4,False,False,False,0.93
96,2023-06-01,Iniciación,1,False,Instrumento,Percusión,Noah Rhodes,True,5,3,False,False,False,0.92
96,2023-09-01,Iniciación,1,False,Cámara,Percusión,Abigail Shaffer,False,6,4,False,False,False,0.85
96,2024-01-01,Primero,2,False,Coro,Percusión,Connie Lawrence,True,3,5,True,False,False,0.84
97,2020-01-01,Tercero,1,False,Coro,Oboe,Abigail Shaffer,True,1,5,False,False,False,0.91
97,2020-06-01,Tercero,1,False,Solfeo,Oboe,Noah Rhodes,False,4,4,False,False,False,0.85
97,2020-09-01,Tercero,1,False,Instrumento,Oboe,Gabrielle Davis,True,1,5,False,False,False,0.81
97,2021-01-01,Cuarto,2,False,Cámara,Oboe,Cristian Santos,True,5,5,False,False,False,0.92
97,2021-06-01,Cuarto,2,False,Cámara,Oboe,Daniel Wagner,True,2,5,False,False,False,0.76
97,2021-09-01,Cuarto,2,False,Solfeo,Oboe,Connie Lawrence,True,2,5,False,False,False,0.84
97,2022-01-01,Cuarto,3,False,Instrumento,Oboe,Abigail Shaffer,True,3,5,False,False,False,0.96
97,2022-06-01,Cuarto,3,False,Coro,Oboe,Ryan Munoz,True,5,4,False,True,True,0.66
97,2022-09-01,Cuarto,3,False,Instrumento,Oboe,Daniel Wagner,False,8,1,False,False,False,0.71
97,2023-01-01,Cuarto,4,True,Instrumento,Oboe,Noah Rhodes,True,1,5,True,False,False,0.67
98,2023-01-01,Iniciación,1,False,Instrumento,Fagot,Connie Lawrence,True,4,5,False,False,False,0.96
98,2023-06-01,Iniciación,1,False,Cámara,Fagot,Ryan Munoz,True,2,5,True,False,False,0.9
99,2021-01-01,Primero,1,False,Instrumento,Fagot,Abigail Shaffer,True,8,5,False,False,False,0.89
99,2021-06-01,Primero,1,False,Solfeo,Fagot,Angie Henderson,False,6,5,False,False,False,0.73
99,2021-09-01,Primero,1,False,Coro,Fagot,Gabrielle Davis,True,5,5,True,False,False,0.72
100,2022-01-01,Primero,1,False,Cámara,Fagot,Connie Lawrence,True,3,5,True,False,False,0.98
